[
    {
        "plugin": "Browser",
        "status": 0,
        "id": 1
    },
    {
        "plugin": "Demo",
        "status": 0,
        "id": 2,
        "options": {
            "demo": "这只是易航写个一个默认插件演示"
        },
        "update_time": "2024-08-11 22:33:20"
    },
    {
        "plugin": "TencentProtect",
        "status": 0,
        "id": 4
    },
    {
        "plugin": "WebScan",
        "status": 0,
        "id": 5,
        "options": {
            "directory": "admin"
        }
    },
    {
        "plugin": "MusicPlayer",
        "options": {
            "server": "netease",
            "type": "playlist",
            "id": "7757541927",
            "volume": "0.3",
            "autoplay": "1",
            "order": "list",
            "cookie": ""
        },
        "id": 6,
        "status": 0,
        "update_time": "2024-08-04 17:44:02"
    },
    {
        "plugin": "InsertCode",
        "options": {
            "header": "<script>\r\nvar _hmt = _hmt || [];\r\n(function() {\r\n  var hm = document.createElement(\"script\");\r\n  hm.src = \"https://hm.baidu.com/hm.js?558a521cc3488033e5d2a074c83733d6\";\r\n  var s = document.getElementsByTagName(\"script\")[0]; \r\n  s.parentNode.insertBefore(hm, s);\r\n})();\r\n</script>",
            "footer": ""
        },
        "id": 7,
        "status": 0,
        "update_time": "2024-07-21 02:09:37"
    },
    {
        "plugin": "NewYearLantern",
        "options": {
            "long": "0",
            "start": "01-26",
            "end": "02-01"
        },
        "id": 8,
        "status": 0,
        "update_time": "2024-07-21 02:11:19"
    },
    {
        "plugin": "FallingObject",
        "options": {
            "falling": "sakura"
        },
        "id": 9,
        "create_time": "2024-07-21 17:56:27",
        "update_time": "2024-07-21 18:01:00",
        "status": 0
    }
]