[
    {
        "id": 1,
        "name": "site",
        "value": {
            "title": "易航网址引导系统",
            "keywords": "易航,易航科技,易航网址导航页,易航网络科技,实用工具,娱乐游戏",
            "description": "易航网址导航提供一些在线实用工具，在线娱乐游戏，精品网站源码和API接口",
            "qq": "2136118039",
            "favicon": "/favicon.ico",
            "logo": "/favicon.ico",
            "icp": "冀ICP备2021010323号",
            "copyright": "© 2021-2023 <a href=\"http://guide.bri6.cn\">易航网址引导系统</a> All Rights Reserved",
            "create_date": "2022-11-08"
        },
        "update_time": "2024-07-16 14:06:35"
    },
    {
        "id": 2,
        "name": "current_theme",
        "value": "SunPanel",
        "update_time": "2024-07-15 18:43:55"
    },
    {
        "id": 4,
        "name": "rewrite",
        "value": "1",
        "update_time": "2024-07-16 14:06:35"
    },
    {
        "id": 5,
        "name": "admin",
        "value": {
            "background": "",
            "loading": "1"
        },
        "update_time": "2024-07-16 14:06:35"
    },
    {
        "id": 6,
        "name": "mail",
        "value": {
            "smtp": "smtp.88.com",
            "secure": "ssl",
            "port": "465",
            "name": "xh8039@88.com",
            "pwd": "abc",
            "recv": ""
        },
        "update_time": "2024-07-16 14:06:35"
    },
    {
        "name": "theme",
        "value": {
            "background": ""
        },
        "id": 8,
        "create_time": "2023-04-05 22:26:30",
        "update_time": "2024-07-16 14:06:35"
    }
]