[
    {
        "id": 1,
        "name": "site",
        "value": {
            "title": "易航网址引导系统",
            "keywords": "易航,易航科技,易航网址导航页,易航网络科技,实用工具,娱乐游戏",
            "description": "易航网址导航提供一些在线实用工具，在线娱乐游戏，精品网站源码和API接口",
            "qq": "2136118039",
            "favicon": "/favicon.ico",
            "logo": "/favicon.ico",
            "icp": "冀ICP备2021010323号",
            "copyright": "© 2022-2024 <a href=\"http://www.bri6.cn\">易航网址引导系统</a> All Rights Reserved",
            "create_date": "2022-11-08"
        },
        "update_time": "2024-07-21 04:37:36"
    },
    {
        "id": 2,
        "name": "current_theme",
        "value": "SunPanel",
        "update_time": "2024-07-24 13:45:53"
    },
    {
        "id": 4,
        "name": "rewrite",
        "value": "1",
        "update_time": "2024-07-21 04:37:36"
    },
    {
        "id": 5,
        "name": "admin",
        "value": {
            "background": "",
            "loading": "1"
        },
        "update_time": "2024-07-21 04:37:36"
    },
    {
        "id": 6,
        "name": "mail",
        "value": {
            "smtp": "smtp.88.com",
            "secure": "ssl",
            "port": "465",
            "name": "xh8039@88.com",
            "pwd": "abc",
            "recv": ""
        },
        "update_time": "2024-07-21 04:37:36"
    },
    {
        "name": "server",
        "value": {
            "update": "{\"message\":\"当前已是最新版本V2.48\",\"update\":false}",
            "homeInfo": "{\"sponsor\":\"<div style=\\\"color: red;font-weight: bold;\\\">\\r\\n\\t尊敬的用户您好，感谢您选择使用易航网址导航系统！❤️\\r\\n\\t<br>\\r\\n\\t我开发这个项目的初衷是为了让广大用户能够更便捷地管理他们的网址导航页和网址引导页。然而，独自开发这个项目需要投入大量精力和时间，这占据了我大部分的日常生活，并且目前没有收入来源，因此我面临生活费用的压力。\\r\\n\\t我自己也曾经是购买他人开发系统的用户，明白无偿获取服务的好处。虽然类似系统的市场价值可能高达数百元，但我并未强制收费，谁都有困难的时候。我只请求您能够考虑赞助 88.88 元，这不仅是对我个人生活的一点支持，也是对我继续维护和开发本系统的动力来源。\\r\\n\\t<br>\\r\\n\\t赞助后，后台弹窗提醒和网站首页的版权信息将自动去除，感谢您的理解与支持！\\r\\n<\\/div>\",\"notice\":\"尊敬的用户您好，非常感谢您选择使用易航网址导航系统！我们期待您的使用体验❤️\\r\\n<br>\\r\\n如果您发现任何本程序的BUG或者有任何意见建议，欢迎联系 <a href=\\\"http:\\/\\/wpa.qq.com\\/msgrd?v=3&uin=2136118039&site=qq&menu=yes\\\" target=\\\"_blank\\\">易航<\\/a> 进行反馈\\r\\n<br>\\r\\n感谢您长久以来对本项目的支持和关注！我们始终致力于提供最专业、最可靠的网址导航和引导系统，并将继续提供免费且优质的服务。衷心感谢您的关注与支持！\"}",
            "auth": "{\"auth\":false,\"message\":\"检测到您的域名暂未授权易航网址引导系统，仅需88.88元即可关闭弹窗畅享本系统，求施舍...（非强制收费，点击阴影处可关闭）\",\"title\":\"❤️欢迎您使用易航网址引导系统\"}",
            "news": "[{\"href\":\"https:\\/\\/jq.qq.com\\/?_wv=1027&k=cdut22lf\",\"text\":\"官方QQ通知群\",\"target\":\"_blank\"}]"
        },
        "id": 7,
        "update_time": "2024-07-29 01:15:00"
    },
    {
        "name": "theme",
        "value": {
            "background": "",
            "copyright": "1"
        },
        "id": 8,
        "create_time": "2023-04-05 22:26:30",
        "update_time": "2024-07-21 04:37:36"
    },
    {
        "name": "visits",
        "value": {
            "2024-07-18": 5,
            "2024-07-17": 1,
            "2024-07-19": 24,
            "2024-07-21": 47,
            "2024-07-22": 328,
            "2024-07-23": 1,
            "2024-07-24": 2,
            "2024-07-25": 1
        },
        "id": 10,
        "create_time": "2024-07-18 00:56:14",
        "update_time": "2024-07-25 06:22:15"
    }
]