[
    {
        "title": "Style1",
        "order": "1",
        "status": "1",
        "id": 5,
        "create_time": "2024-07-15 19:39:49",
        "update_time": "2024-07-22 13:02:23",
        "fields": {
            "antidote": {
                "icon": ""
            }
        }
    },
    {
        "title": "Style2",
        "order": "0",
        "status": "1",
        "id": 6,
        "create_time": "2024-07-15 19:40:11",
        "update_time": "2024-07-22 13:02:34",
        "fields": {
            "antidote": {
                "icon": ""
            }
        }
    },
    {
        "title": "App",
        "order": "2",
        "status": "1",
        "id": 7,
        "create_time": "2024-07-15 19:41:02",
        "update_time": "2024-07-22 12:51:39",
        "fields": {
            "antidote": {
                "icon": "fa fa-send"
            }
        }
    }
]