[
    {
        "id": 1,
        "name": "site",
        "value": {
            "title": "易航网址引导系统",
            "keywords": "易航,易航科技,易航网址导航页,易航网络科技,实用工具,娱乐游戏",
            "description": "易航网址导航提供一些在线实用工具，在线娱乐游戏，精品网站源码和API接口",
            "qq": "2136118039",
            "favicon": "/favicon.ico",
            "logo": "/favicon.ico",
            "icp": "冀ICP备2021010323号",
            "copyright": "© 2021-2023 <a href=\"http://www.bri6.cn\">易航网址引导系统</a> All Rights Reserved",
            "create_date": "2022-11-07"
        },
        "update_time": "2024-06-18 14:48:55"
    },
    {
        "id": 2,
        "name": "current_theme",
        "value": "SimpleNavigation",
        "update_time": "2024-06-18 14:30:29"
    },
    {
        "id": 4,
        "name": "rewrite",
        "value": "1",
        "update_time": "2024-06-18 14:48:55"
    },
    {
        "id": 5,
        "name": "admin",
        "value": {
            "background": "",
            "loading": "1"
        },
        "update_time": "2024-06-18 14:48:55"
    },
    {
        "id": 6,
        "name": "mail",
        "value": {
            "smtp": "smtp.88.com",
            "secure": "ssl",
            "port": "465",
            "name": "xh8039@88.com",
            "pwd": "abc",
            "recv": ""
        },
        "update_time": "2024-06-18 14:48:55"
    },
    {
        "name": "server",
        "value": {
            "update": "{\"message\":\"当前已是最新版本 v2.44\",\"update\":false}",
            "news": "[{\"href\":\"https:\\/\\/jq.qq.com\\/?_wv=1027&k=cdut22lf\",\"text\":\"官方QQ通知群\",\"target\":\"_blank\"}]",
            "auth": "{\"auth\":false,\"message\":\"检测到您的域名暂未授权易航网址引导系统，仅需58.88元即可享用本系统，求施舍...（非强制收费，点击阴影处可关闭）\",\"title\":\"❤️欢迎您使用易航网址引导系统\"}"
        },
        "id": 7,
        "update_time": "2024-06-18 14:42:14"
    },
    {
        "name": "theme",
        "value": {
            "background": "",
            "copyright": "1"
        },
        "id": 8,
        "create_time": "2023-04-05 22:26:30",
        "update_time": "2024-06-18 14:48:55"
    },
    {
        "name": "files_md5:2.43",
        "value": {
            "C:/BtSoft/wwwroot/guide.bri6.cn/admin\\update.php": "a4e0d438394aade535190782baa89864",
            "C:/BtSoft/wwwroot/guide.bri6.cn/admin\\server.php": "a340c53db878d270a271123af2d861c6",
            "C:/BtSoft/wwwroot/guide.bri6.cn\\system\\admin\\Server.php": "050eab5b6a816951f3b04d75a91ea9d0"
        },
        "id": 9,
        "create_time": "2024-05-02 16:39:08",
        "update_time": "2024-05-02 16:39:08"
    }
]