[
    {
        "plugin": "Browser",
        "status": 0,
        "id": 1
    },
    {
        "plugin": "Demo",
        "status": 0,
        "id": 2
    },
    {
        "plugin": "FloatSnow",
        "status": 1,
        "id": 3
    },
    {
        "plugin": "TencentProtect",
        "status": 1,
        "id": 4
    },
    {
        "plugin": "WebScan",
        "status": 1,
        "id": 5,
        "options": {
            "directory": "admin"
        }
    },
    {
        "plugin": "MusicPlayer",
        "options": {
            "server": "netease",
            "type": "playlist",
            "id": "7757541927",
            "volume": "0.3",
            "autoplay": "1",
            "order": "random"
        },
        "id": 6,
        "status": 0
    },
    {
        "plugin": "InsertCode",
        "options": {
            "header": "<script>\r\nvar _hmt = _hmt || [];\r\n(function() {\r\n  var hm = document.createElement(\"script\");\r\n  hm.src = \"https:\/\/hm.baidu.com\/hm.js?558a521cc3488033e5d2a074c83733d6\";\r\n  var s = document.getElementsByTagName(\"script\")[0]; \r\n  s.parentNode.insertBefore(hm, s);\r\n})();\r\n<\/script>",
            "footer": ""
        },
        "id": 7,
        "status": 1
    },
    {
        "plugin": "NewYearLantern",
        "options": {
            "long": "0",
            "start": "01-21",
            "end": "01-24"
        },
        "id": 8,
        "status": 1
    }
]