[
    {
        "title": "实用工具",
        "order": "1",
        "status": "1",
        "id": "1",
        "fields": {
            "SimpleNavigation": {
                "icon": "icon-icon-test"
            }
        },
        "create_time": "2023-04-05 18:55:16",
        "update_time": "2023-04-05 18:55:16"
    },
    {
        "title": "娱乐游戏",
        "status": "1",
        "id": "2",
        "order": "0",
        "fields": {
            "SimpleNavigation": {
                "icon": "icon-yule"
            }
        },
        "create_time": "2023-04-05 18:55:16",
        "update_time": "2023-04-05 18:55:16"
    },
    {
        "title": "常用导航",
        "order": "10",
        "status": "1",
        "id": 3,
        "fields": {
            "SimpleNavigation": {
                "icon": "icon-remen"
            }
        },
        "create_time": "2023-04-05 18:55:16",
        "update_time": "2023-04-05 18:55:16"
    },
    {
        "title": "关于易航",
        "order": "0",
        "status": "1",
        "id": 4,
        "fields": {
            "SimpleNavigation": {
                "icon": "icon-guanyu"
            }
        },
        "create_time": "2023-04-05 18:55:16",
        "update_time": "2023-04-05 18:55:16"
    }
]