[
    {
        "background": "\/\/www.bri6.cn\/content\/themes\/default\/assets\/img\/background.png?version=1.0",
        "theme": "default",
        "id": 0
    },
    {
        "logo": "http:\/\/q4.qlogo.cn\/headimg_dl?dst_uin=2136118039&spec=640",
        "theme": "gradient",
        "id": 1,
        "fable": "你在阳光下盛放 而我在阴郁的天空下自得其乐"
    },
    {
        "message": "如果您觉得本页面不错可以收藏一下哦",
        "theme": "starry",
        "id": 2,
        "accessButton": "马上进入"
    },
    {
        "group": "733120686",
        "theme": "maple",
        "id": 3,
        "qq": "2136118039"
    },
    {
        "title": "易航引导页",
        "theme": "support",
        "id": 4,
        "fable": "一个人可以被毁灭，但绝不会被打败",
        "background": "http:\/\/tuapi.eees.cc\/api.php?category=dongman&type=302",
        "music": 1973186775,
        "qq": 2136118039,
        "WeChat": "http:\/\/storage.bri6.cn\/kodbox\/202211\/15_9329d75d\/微信赞赏码.jpg",
        "Alipay": "http:\/\/storage.bri6.cn\/kodbox\/202211\/15_9329d75d\/支付宝收款码.jpg",
        "QQPicture": "http:\/\/storage.bri6.cn\/kodbox\/202211\/16_014e7b81\/QQ.jpg"
    },
    {
        "logo": "http:\/\/q4.qlogo.cn\/headimg_dl?dst_uin=1105602752&spec=640",
        "theme": "ymlf",
        "id": 5,
        "fable": "你在阳光下盛放 而我在阴郁的天空下自得其乐",
        "zuo": "http:\/\/q4.qlogo.cn\/headimg_dl?dst_uin=1105602752&spec=640",
        "zhong": "https:\/\/vkceyugu.cdn.bspapp.com\/VKCEYUGU-87496f01-6c4f-4211-89ea-c6a99151e7c5\/dc8b7da4-bb58-451a-8f6f-3402312f4d2b.gif",
        "you": "http:\/\/q1.qlogo.cn\/g?b=qq&nk=1991826090&s=640",
        "lianaiming": "梦屿 ❤ 屿",
        "lianshi": "2004, 10, 19, 00, 00, 00",
        "ttxsq": "梦屿"
    },
    {
        "CustomNavs": "主页 || http:\/\/www.bri6.cn\r\n博客 || http:\/\/blog.bri6.cn\r\n百度 || http:\/\/baidu.com",
        "theme": "SimpleNavigation",
        "id": 6,
        "title": "上网，从这里开始！",
        "content": "好记性不如烂笔头",
        "icon_cdn": "\/\/at.alicdn.com\/t\/c\/font_3258230_gs966qtjnc.js",
        "embody": "1"
    },
    {
        "logo": "http:\/\/q4.qlogo.cn\/headimg_dl?dst_uin=1105602752&spec=640",
        "theme": "Aimeng",
        "id": 7,
        "zuo": "http:\/\/q4.qlogo.cn\/headimg_dl?dst_uin=1105602752&spec=640",
        "zhong": "https:\/\/vkceyugu.cdn.bspapp.com\/VKCEYUGU-87496f01-6c4f-4211-89ea-c6a99151e7c5\/dc8b7da4-bb58-451a-8f6f-3402312f4d2b.gif",
        "you": "http:\/\/q1.qlogo.cn\/g?b=qq&nk=1991826090&s=640",
        "lianaiming": "梦屿 ❤ 屿",
        "lianshi": "2004, 10, 19, 00, 00, 00",
        "txxwd1": "请把此网址添加浏览器书签 方便您下次访问 以防失联",
        "txxwd2": "巅峰时期的彭于晏就连我也要避其锋芒\"",
        "zdydb1": "",
        "fable": "你在阳光下盛放 而我在阴郁的天空下自得其乐"
    },
    {
        "fable": "你在阳光下盛放 而我在阴郁的天空下自得其乐",
        "theme": "Aimeng",
        "id": 8,
        "zuo": "http:\/\/q4.qlogo.cn\/headimg_dl?dst_uin=1105602752&spec=640",
        "zhong": "https:\/\/vkceyugu.cdn.bspapp.com\/VKCEYUGU-87496f01-6c4f-4211-89ea-c6a99151e7c5\/dc8b7da4-bb58-451a-8f6f-3402312f4d2b.gif",
        "you": "http:\/\/q1.qlogo.cn\/g?b=qq&nk=1991826090&s=640",
        "lianaiming": "梦屿 ❤ 屿",
        "lianshi": "2004, 10, 19, 00, 00, 00",
        "txxwd1": "请把此网址添加浏览器书签 方便您下次访问 以防失联",
        "txxwd2": "巅峰时期的彭于晏就连我也要避其锋芒\"",
        "zdydb1": ""
    },
    {
        "title": "易航",
        "theme": "GlassUI",
        "id": 9,
        "description": "我是软小兔",
        "subtitle": "Yi Hang"
    },
    {
        "title": "最新网站合集",
        "theme": "MobilePixiv",
        "id": 11,
        "tip": "请 Ctrl+D 收藏本页到浏览器收藏夹⇩",
        "description": "周到的服务才能赢得顾客的信任"
    },
    {
        "CustomNavs": "主页 || http:\/\/www.bri6.cn\r\n博客 || http:\/\/blog.bri6.cn\r\n百度 || http:\/\/baidu.com",
        "theme": "SimpleSearch",
        "id": 12,
        "icon_cdn": "\/\/at.alicdn.com\/t\/c\/font_3258230_gs966qtjnc.js",
        "update_time": "2023-04-05 22:15:17"
    },
    {
        "icon_cdn": "\/\/at.alicdn.com\/t\/c\/font_3258230_l1rplnw1o2c.js",
        "theme": "BrowserHome",
        "id": 13
    },
    {
        "weixin": null,
        "theme": "theme02",
        "id": 14,
        "email": null
    },
    {
        "icon_cdn": null,
        "theme": "white",
        "id": 15
    },
    {
        "background": "https:\/\/s7.huoying666.com\/video\/20210527\/f1abdbf33b1b07d96a0ba00640a5db9a\/16221293575533c31498e6a09e.MP4_pre.mp4",
        "theme": "theme03",
        "id": 16
    },
    {
        "title": "技术导航引导页",
        "theme": "vance",
        "id": 17,
        "content": "测试公告",
        "CustomNavs": "主页 || http:\/\/www.bri6.cn\n博客 || http:\/\/blog.bri6.cn\n百度 || http:\/\/baidu.com"
    },
    {
        "video_list": "https:\/\/api.ainio.cn\/mp4\/ || 随机美女1\r\nhttp:\/\/1.vvi.asia || 随机美女2\r\nhttp:\/\/api.cmvip.cn\/API\/sjmn.php || 随机美女3\r\nhttps:\/\/okjx.cc\/include\/loding\/mp4.php || 随机美女4\r\nhttp:\/\/api.cmvip.cn\/API\/dxbz.php || 蹲下变装\r\nhttp:\/\/api.cmvip.cn\/API\/eeee.php || 鹅鹅鹅鹅\r\nhttp:\/\/api.cmvip.cn\/API\/shan.php || 黑色闪光\r\nhttp:\/\/api.cmvip.cn\/API\/xzex.php || 小芷儿系\r\nhttp:\/\/api.cmvip.cn\/API\/ndym.php || 你的欲梦\r\nhttp:\/\/api.cmvip.cn\/API\/xsmn.php || 西施美女\r\nhttp:\/\/api.cmvip.cn\/API\/xnbz.php || 新年变装\r\nhttp:\/\/api.cmvip.cn\/API\/xkyx.php || 小困鱼系\r\nhttp:\/\/api.cmvip.cn\/API\/lqsx.php || 撩裙杀系\r\nhttp:\/\/api.cmvip.cn\/API\/sdbz.php || 圣诞变装\r\nhttp:\/\/api.cmvip.cn\/API\/npbz.php || 女仆变装\r\nhttp:\/\/api.cmvip.cn\/API\/lmbz.php || 蕾姆变装\r\nhttp:\/\/api.cmvip.cn\/API\/bybz.php || 背影变装\r\nhttp:\/\/api.cmvip.cn\/API\/gjbz.php || 光剑变装\r\nhttp:\/\/api.cmvip.cn\/API\/fjbz.php || 腹肌变装\r\nhttp:\/\/api.cmvip.cn\/API\/hssp.php || 黑丝视频\r\nhttp:\/\/api.cmvip.cn\/API\/bssp.php || 白丝视频\r\nhttp:\/\/api.cmvip.cn\/API\/tcfx.php || 体操服系\r\nhttp:\/\/api.cmvip.cn\/API\/zfsp.php || 制服视频\r\nhttp:\/\/api.cmvip.cn\/API\/llsp.php || 萝莉视频\r\nhttp:\/\/api.cmvip.cn\/API\/yjsp.php || 御姐视频\r\nhttp:\/\/api.cmvip.cn\/API\/myxl.php || 慢摇系列\r\nhttp:\/\/api.cmvip.cn\/API\/kyxl.php || 快摇系列\r\nhttp:\/\/api.cmvip.cn\/API\/ddxl.php || 吊带系列\r\nhttp:\/\/api.cmvip.cn\/API\/npxl.php || 女仆系列\r\nhttp:\/\/api.cmvip.cn\/API\/txnh.php || 甜系女孩\r\nhttp:\/\/api.cmvip.cn\/API\/cyxl.php || 纯欲系列\r\nhttp:\/\/api.cmvip.cn\/API\/cfxl.php || 曹芬系列\r\nhttp:\/\/api.cmvip.cn\/API\/hcyx.php || 火车摇系\r\nhttp:\/\/api.cmvip.cn\/API\/llbx.php || 落了白系\r\nhttp:\/\/api.cmvip.cn\/API\/shlz.php || 丝滑连招\r\nhttp:\/\/api.cmvip.cn\/API\/cjwd.php || 吃鸡舞蹈\r\nhttp:\/\/api.cmvip.cn\/API\/sbkl.php || 双倍快乐\r\nhttp:\/\/api.cmvip.cn\/API\/hxwd.php || 害羞舞蹈\r\nhttp:\/\/api.cmvip.cn\/API\/jcly.php || 井川里予\r\nhttp:\/\/api.cmvip.cn\/API\/cblx.php || 擦玻璃系\r\nhttp:\/\/api.cmvip.cn\/API\/wmsc.php || 完美身材\r\nhttp:\/\/api.cmvip.cn\/API\/tmbz.php || 甜妹变装\r\nhttp:\/\/api.cmvip.cn\/API\/lltx.php || 洛丽塔系\r\nhttp:\/\/api.cmvip.cn\/API\/htys.php || 荷塘月色\r\nhttp:\/\/api.cmvip.cn\/API\/sybz.php || 睡衣变装\r\nhttp:\/\/api.cmvip.cn\/API\/tszs.php || 天使之书\r\nhttp:\/\/api.cmvip.cn\/API\/mtsx.php || 摸头杀系\r\nhttp:\/\/api.cmvip.cn\/API\/sfxz.php || 私房写真\r\nhttp:\/\/api.cmvip.cn\/API\/gfqp.php || 国风旗袍\r\nhttp:\/\/api.cmvip.cn\/API\/mnsp.php || 美女视频\r\nhttp:\/\/api.cmvip.cn\/API\/sgsp.php || 帅哥视频\r\nhttp:\/\/api.cmvip.cn\/API\/gfhf.php || 古风汉服\r\nhttp:\/\/api.cmvip.cn\/API\/rxhf.php || 日系和服\r\nhttp:\/\/api.cmvip.cn\/API\/dmsp.php || 动漫视频\r\nhttp:\/\/api.cmvip.cn\/API\/ecyx.php || 二次元系\r\nhttp:\/\/api.cmvip.cn\/API\/xgrw.php || 性感热舞\r\nhttp:\/\/api.cmvip.cn\/API\/jpmn.php || 街拍美女\r\nhttp:\/\/api.cmvip.cn\/API\/bzqx.php || 百褶裙系\r\nhttp:\/\/api.cmvip.cn\/API\/ybwx.php || 摇摆舞系\r\nhttp:\/\/api.cmvip.cn\/API\/ggcc.php || 过肩出场\r\nhttp:\/\/api.cmvip.cn\/API\/tnlx.php || 兔女郎系\r\nhttp:\/\/api.cmvip.cn\/API\/czmt.php || 车展模特\r\nhttp:\/\/api.cmvip.cn\/API\/ycqq.php || 原创卿卿\r\nhttp:\/\/api.cmvip.cn\/API\/mtbz.php || 摸腿变装\r\nhttp:\/\/api.cmvip.cn\/API\/yjfx.php || 瑜伽服系\r\nhttp:\/\/api.cmvip.cn\/API\/txbz.php || 躺下变装\r\nhttp:\/\/api.cmvip.cn\/API\/zncd.php || 斩男穿搭\r\nhttp:\/\/api.cmvip.cn\/API\/jskd.php || 介绍卡点\r\nhttp:\/\/api.cmvip.cn\/API\/hwxl.php || 海王系列\r\nhttp:\/\/api.cmvip.cn\/API\/jcyb.php || 机车摇摆\r\nhttp:\/\/api.cmvip.cn\/API\/mzxc.php || 漫展现场\r\nhttp:\/\/api.cmvip.cn\/API\/csfr.php || 出水芙蓉\r\nhttp:\/\/api.cmvip.cn\/API\/xgyw.php || 性感渔网\r\nhttp:\/\/api.cmvip.cn\/API\/rmxd.php || 软妹限定\r\nhttp:\/\/api.cmvip.cn\/API\/smwx.php || 双马尾系\r\nhttp:\/\/api.cmvip.cn\/API\/amxx.php || 安慕希系\r\nhttp:\/\/api.cmvip.cn\/API\/wpns.php || 微胖女神\r\nhttp:\/\/api.cmvip.cn\/API\/yqkd.php || 硬气卡点\r\nhttp:\/\/api.cmvip.cn\/API\/mxny.php || 猫系女友\r\nhttp:\/\/api.cmvip.cn\/API\/hbss.php || 黑白双煞\r\nhttp:\/\/api.cmvip.cn\/API\/ycyy.php || 又纯又欲\r\nhttp:\/\/api.cmvip.cn\/API\/jbbd.php || 酒吧蹦迪\r\nhttp:\/\/api.cmvip.cn\/API\/nyxl.php || 扭腰系列\r\nhttp:\/\/api.cmvip.cn\/API\/nkxl.php || 扭胯系列\r\nhttp:\/\/api.cmvip.cn\/API\/sqxl.php || 甩裙系列\r\nhttp:\/\/api.cmvip.cn\/API\/xishi.php || 西施\r\nhttp:\/\/api.cmvip.cn\/API\/xb.php || 小白\r\nhttp:\/\/api.cmvip.cn\/API\/hmm.php || 韩猫猫\r\nhttp:\/\/api.cmvip.cn\/API\/tzxy.php || 甜崽小洋\r\nhttp:\/\/api.cmvip.cn\/API\/tgxl.php || 甜狗小念\r\nhttp:\/\/api.cmvip.cn\/API\/xwsbx.php || 小婉睡不醒\r\nhttp:\/\/api.cmvip.cn\/API\/mngmm.php || 萌了个妹妹",
        "theme": "girl",
        "id": 18,
        "image_list": "http:\/\/api.bri6.cn\/api\/girl\/image.php || 随机美女1\r\nhttps:\/\/api.vvhan.com\/api\/mobil.girl || 随机美女2\r\nhttps:\/\/api.kit9.cn\/api\/random_lady_pictures\/api.php || 随机美女3\r\nhttps:\/\/api.vvhan.com\/api\/girl || 随机美女4\r\nhttp:\/\/api.kit9.cn\/api\/random_lady_pictures\/api.php || 随机美女5\r\nhttps:\/\/api.ainio.cn\/mntp\/ || 随机美女6\r\ntext:http:\/\/api.bri6.cn\/api\/ajax\/?url=http:\/\/haochen.vip\/api\/mjx.php || 随机美女7\r\ntext:http:\/\/www.plapi.tk\/api\/ksxjjtp.php || 随机美女8\r\ntext:http:\/\/api.bri6.cn\/api\/ajax\/?url=http:\/\/haochen.vip\/api\/ksxjjtp.php ||  快手小姐姐1\r\nhttp:\/\/api.sakura.gold\/ksxjjtp\/ || 快手小姐姐2\r\nhttp:\/\/api.wqwlkj.cn\/wqwlapi\/ks_xjj.php?type=jump || 快手小姐姐3\r\nhttp:\/\/haochen.vip\/api\/cos.php?type=img || cos美女1\r\ntext:http:\/\/www.plapi.tk\/api\/cos.php || cos美女2\r\ntext:http:\/\/www.plapi.tk\/api\/tu.php || 随机美腿\r\nhttps:\/\/api.vvhan.com\/api\/tao || 淘宝买家秀\r\nhttp:\/\/api.wqwlkj.cn\/wqwlapi\/hlxcos.php?type=jump || 葫芦侠-cos美女\r\ntext:http:\/\/api.bri6.cn\/api\/ajax\/?url=http:\/\/haochen.vip\/api\/tu.php || 葫芦侠-随机美女\r\ntext:http:\/\/api.cmvip.cn\/API\/hlx-ycmt.php || 葫芦侠-原创美腿\r\ntext:http:\/\/api.cmvip.cn\/API\/\/hlx-sksn.php || 葫芦侠-三坑少女\r\ntext:http:\/\/api.cmvip.cn\/API\/hlx-dmzr.php || 葫芦侠-动漫真人\r\ntext:http:\/\/api.cmvip.cn\/API\/hlx-cymt.php || 葫芦侠-次元美图\r\ntext:http:\/\/api.cmvip.cn\/API\/hlx-ytsn.php || 葫芦侠-窈窕淑女\r\ntext:http:\/\/api.cmvip.cn\/API\/hlx-sjhs.php || 葫芦侠-随机黑丝\r\ntext:http:\/\/api.cmvip.cn\/API\/hlx-sjbs.php || 葫芦侠-随机白丝\r\ntext:http:\/\/api.cmvip.cn\/API\/hlx-ywsw.php || 葫芦侠-渔网丝袜\r\ntext:http:\/\/api.cmvip.cn\/API\/hlx-ecy.php || 葫芦侠-是二次元",
        "background_color": "#1b1e2f"
    }
]